fe0001	90_90_Hamstring/0.jpg
fe0002	Ab_Crunch_Machine/0.jpg
fe0003	Ab_Roller/0.jpg
fe0004	Adductor/0.jpg
fe0005	Adductor_Groin/0.jpg
fe0006	Advanced_Kettlebell_Windmill/0.jpg
fe0007	All_Fours_Quad_Stretch/0.jpg
fe0008	Alternate_Hammer_Curl/0.jpg
fe0009	Alternate_Incline_Dumbbell_Curl/0.jpg
fe0010	Alternate_Leg_Diagonal_Bound/0.jpg
fe0011	Alternating_Cable_Shoulder_Press/0.jpg
fe0012	Alternating_Deltoid_Raise/0.jpg
fe0013	Alternating_Floor_Press/0.jpg
fe0014	Alternating_Hang_Clean/0.jpg
fe0015	Alternating_Kettlebell_Press/0.jpg
fe0016	Alternating_Kettlebell_Row/0.jpg
fe0017	Alternating_Renegade_Row/0.jpg
fe0018	Ankle_On_The_Knee/0.jpg
fe0019	Anterior_Tibialis-SMR/0.jpg
fe0020	Anti-Gravity_Press/0.jpg
fe0021	Arm_Circles/0.jpg
fe0022	Arnold_Dumbbell_Press/0.jpg
fe0023	Around_The_Worlds/0.jpg
fe0024	Atlas_Stone_Trainer/0.jpg
fe0025	Atlas_Stones/0.jpg
fe0026	Axle_Deadlift/0.jpg
fe0027	Back_Flyes_-_With_Bands/0.jpg
fe0028	Backward_Drag/0.jpg
fe0029	Backward_Medicine_Ball_Throw/0.jpg
fe0030	Ball_Leg_Curl/0.jpg
fe0031	Band_Good_Morning/0.jpg
fe0032	Band_Good_Morning_Pull_Through/0.jpg
fe0033	Band_Hip_Adductions/0.jpg
fe0034	Band_Pull_Apart/0.jpg
fe0035	Band_Skull_Crusher/0.jpg
fe0036	Barbell_Ab_Rollout/0.jpg
fe0037	Barbell_Ab_Rollout_-_On_Knees/0.jpg
fe0038	Barbell_Bench_Press_-_Medium_Grip/0.jpg
fe0039	Barbell_Curls_Lying_Against_An_Incline/0.jpg
fe0040	Barbell_Hip_Thrust/0.jpg
fe0041	Barbell_Incline_Bench_Press_-_Medium_Grip/0.jpg
fe0042	Barbell_Rollout_from_Bench/0.jpg
fe0043	Barbell_Shoulder_Press/0.jpg
fe0044	Barbell_Shrug_Behind_The_Back/0.jpg
fe0045	Barbell_Side_Bend/0.jpg
fe0046	Barbell_Squat/0.jpg
fe0047	Barbell_Squat_To_A_Bench/0.jpg
fe0048	Barbell_Step_Ups/0.jpg
fe0049	Barbell_Walking_Lunge/0.jpg
fe0050	Bear_Crawl_Sled_Drags/0.jpg
fe0051	Bench_Dips/0.jpg
fe0052	Bench_Jump/0.jpg
fe0053	Bench_Press_-_Powerlifting/0.jpg
fe0054	Bench_Press_-_With_Bands/0.jpg
fe0055	Bench_Press_with_Chains/0.jpg
fe0056	Bench_Sprint/0.jpg
fe0057	Bent-Arm_Barbell_Pullover/0.jpg
fe0058	Bent-Arm_Dumbbell_Pullover/0.jpg
fe0059	Bent-Knee_Hip_Raise/0.jpg
fe0060	Bent_Over_Barbell_Row/0.jpg
fe0061	Bent_Over_Dumbbell_Rear_Delt_Raise_With_Head_On_Bench/0.jpg
fe0062	Bent_Over_Low-Pulley_Side_Lateral/0.jpg
fe0063	Bent_Over_One-Arm_Long_Bar_Row/0.jpg
fe0064	Bent_Over_Two-Arm_Long_Bar_Row/0.jpg
fe0065	Bent_Over_Two-Dumbbell_Row/0.jpg
fe0066	Bent_Over_Two-Dumbbell_Row_With_Palms_In/0.jpg
fe0067	Bent_Press/0.jpg
fe0068	Bicycling/0.jpg
fe0069	Bicycling_Stationary/0.jpg
fe0070	Board_Press/0.jpg
fe0071	Body_Tricep_Press/0.jpg
fe0072	Bodyweight_Flyes/0.jpg
fe0073	Bodyweight_Mid_Row/0.jpg
fe0074	Bodyweight_Squat/0.jpg
fe0075	Bodyweight_Walking_Lunge/0.jpg
fe0076	Bosu_Ball_Cable_Crunch_With_Side_Bends/0.jpg
fe0077	Bottoms-Up_Clean_From_The_Hang_Position/0.jpg
fe0078	Bottoms_Up/0.jpg
fe0079	Box_Jump_Multiple_Response/0.jpg
fe0080	Box_Skip/0.jpg
fe0081	Box_Squat/0.jpg
fe0082	Box_Squat_with_Bands/0.jpg
fe0083	Box_Squat_with_Chains/0.jpg
fe0084	Brachialis-SMR/0.jpg
fe0085	Bradford_Rocky_Presses/0.jpg
fe0086	Butt_Lift_Bridge/0.jpg
fe0087	Butterfly/0.jpg
fe0088	Cable_Chest_Press/0.jpg
fe0089	Cable_Crossover/0.jpg
fe0090	Cable_Crunch/0.jpg
fe0091	Cable_Deadlifts/0.jpg
fe0092	Cable_Hammer_Curls_-_Rope_Attachment/0.jpg
fe0093	Cable_Internal_Rotation/0.jpg
fe0094	Cable_Iron_Cross/0.jpg
fe0095	Cable_Lying_Triceps_Extension/0.jpg
fe0096	Cable_One_Arm_Tricep_Extension/0.jpg
fe0097	Cable_Rear_Delt_Fly/0.jpg
fe0098	Cable_Rope_Overhead_Triceps_Extension/0.jpg
fe0099	Cable_Rope_Rear-Delt_Rows/0.jpg
fe0100	Cable_Russian_Twists/0.jpg
fe0101	Cable_Seated_Lateral_Raise/0.jpg
fe0102	Cable_Shrugs/0.jpg
fe0103	Calf-Machine_Shoulder_Shrug/0.jpg
fe0104	Calf_Press/0.jpg
fe0105	Calf_Press_On_The_Leg_Press_Machine/0.jpg
fe0106	Calf_Raise_On_A_Dumbbell/0.jpg
fe0107	Calf_Raises_-_With_Bands/0.jpg
fe0108	Calf_Stretch_Elbows_Against_Wall/0.jpg
fe0109	Calf_Stretch_Hands_Against_Wall/0.jpg
fe0110	Calves-SMR/0.jpg
fe0111	Car_Deadlift/0.jpg
fe0112	Car_Drivers/0.jpg
fe0113	Carioca_Quick_Step/0.jpg
fe0114	Cat_Stretch/0.jpg
fe0115	Catch_and_Overhead_Throw/0.jpg
fe0116	Chain_Handle_Extension/0.jpg
fe0117	Chain_Press/0.jpg
fe0118	Chair_Lower_Back_Stretch/0.jpg
fe0119	Chair_Squat/0.jpg
fe0120	Chair_Upper_Body_Stretch/0.jpg
fe0121	Chest_Push_from_3_point_stance/0.jpg
fe0122	Chest_Push_multiple_response/0.jpg
fe0123	Chest_Push_single_response/0.jpg
fe0124	Chest_Push_with_Run_Release/0.jpg
fe0125	Chest_Stretch_on_Stability_Ball/0.jpg
fe0126	Childs_Pose/0.jpg
fe0127	Chin_To_Chest_Stretch/0.jpg
fe0128	Circus_Bell/0.jpg
fe0129	Clean/0.jpg
fe0130	Clean_Deadlift/0.jpg
fe0131	Clean_Pull/0.jpg
fe0132	Clean_Shrug/0.jpg
fe0133	Clean_and_Jerk/0.jpg
fe0134	Clean_and_Press/0.jpg
fe0135	Clean_from_Blocks/0.jpg
fe0136	Close-Grip_Barbell_Bench_Press/0.jpg
fe0137	Close-Grip_Dumbbell_Press/0.jpg
fe0138	Close-Grip_EZ-Bar_Curl_with_Band/0.jpg
fe0139	Close-Grip_EZ-Bar_Press/0.jpg
fe0140	Close-Grip_EZ_Bar_Curl/0.jpg
fe0141	Close-Grip_Front_Lat_Pulldown/0.jpg
fe0142	Close-Grip_Push-Up_off_of_a_Dumbbell/0.jpg
fe0143	Close-Grip_Standing_Barbell_Curl/0.jpg
fe0144	Conans_Wheel/0.jpg
fe0145	Concentration_Curls/0.jpg
fe0146	Cross-Body_Crunch/0.jpg
fe0147	Cross_Body_Hammer_Curl/0.jpg
fe0148	Cross_Over_-_With_Bands/0.jpg
fe0149	Crossover_Reverse_Lunge/0.jpg
fe0150	Crucifix/0.jpg
fe0151	Crunch_-_Hands_Overhead/0.jpg
fe0152	Crunch_-_Legs_On_Exercise_Ball/0.jpg
fe0153	Crunches/0.jpg
fe0154	Cuban_Press/0.jpg
fe0155	Dancers_Stretch/0.jpg
fe0156	Deadlift_with_Bands/0.jpg
fe0157	Deadlift_with_Chains/0.jpg
fe0158	Decline_Barbell_Bench_Press/0.jpg
fe0159	Decline_Close-Grip_Bench_To_Skull_Crusher/0.jpg
fe0160	Decline_Dumbbell_Bench_Press/0.jpg
fe0161	Decline_Dumbbell_Flyes/0.jpg
fe0162	Decline_Dumbbell_Triceps_Extension/0.jpg
fe0163	Decline_EZ_Bar_Triceps_Extension/0.jpg
fe0164	Decline_Oblique_Crunch/0.jpg
fe0165	Decline_Reverse_Crunch/0.jpg
fe0166	Decline_Smith_Press/0.jpg
fe0167	Deficit_Deadlift/0.jpg
fe0168	Depth_Jump_Leap/0.jpg
fe0169	Dip_Machine/0.jpg
fe0170	Dips_-_Chest_Version/0.jpg
fe0171	Dips_-_Triceps_Version/0.jpg
fe0172	Donkey_Calf_Raises/0.jpg
fe0173	Double_Kettlebell_Alternating_Hang_Clean/0.jpg
fe0174	Double_Kettlebell_Jerk/0.jpg
fe0175	Double_Kettlebell_Push_Press/0.jpg
fe0176	Double_Kettlebell_Snatch/0.jpg
fe0177	Double_Kettlebell_Windmill/0.jpg
fe0178	Double_Leg_Butt_Kick/0.jpg
fe0179	Downward_Facing_Balance/0.jpg
fe0180	Drag_Curl/0.jpg
fe0181	Drop_Push/0.jpg
fe0182	Dumbbell_Alternate_Bicep_Curl/0.jpg
fe0183	Dumbbell_Bench_Press_with_Neutral_Grip/0.jpg
fe0184	Dumbbell_Bicep_Curl/0.jpg
fe0185	Dumbbell_Floor_Press/0.jpg
fe0186	Dumbbell_Flyes/0.jpg
fe0187	Dumbbell_Lunges/0.jpg
fe0188	Dumbbell_Lying_One-Arm_Rear_Lateral_Raise/0.jpg
fe0189	Dumbbell_One-Arm_Shoulder_Press/0.jpg
fe0190	Dumbbell_One-Arm_Triceps_Extension/0.jpg
fe0191	Dumbbell_One-Arm_Upright_Row/0.jpg
fe0192	Dumbbell_Scaption/0.jpg
fe0193	Dumbbell_Seated_Box_Jump/0.jpg
fe0194	Dumbbell_Seated_One-Leg_Calf_Raise/0.jpg
fe0195	Dumbbell_Shoulder_Press/0.jpg
fe0196	Dumbbell_Squat_To_A_Bench/0.jpg
fe0197	Dumbbell_Step_Ups/0.jpg
fe0198	Dumbbell_Tricep_Extension_-Pronated_Grip/0.jpg
fe0199	Dynamic_Back_Stretch/0.jpg
fe0200	Dynamic_Chest_Stretch/0.jpg
fe0201	EZ-Bar_Curl/0.jpg
fe0202	EZ-Bar_Skullcrusher/0.jpg
fe0203	Elbow_Circles/0.jpg
fe0204	Elbow_to_Knee/0.jpg
fe0205	Elbows_Back/0.jpg
fe0206	Elevated_Back_Lunge/0.jpg
fe0207	Elevated_Cable_Rows/0.jpg
fe0208	Elliptical_Trainer/0.jpg
fe0209	Exercise_Ball_Crunch/0.jpg
fe0210	Exercise_Ball_Pull-In/0.jpg
fe0211	Extended_Range_One-Arm_Kettlebell_Floor_Press/0.jpg
fe0212	External_Rotation/0.jpg
fe0213	External_Rotation_with_Band/0.jpg
fe0214	External_Rotation_with_Cable/0.jpg
fe0215	Face_Pull/0.jpg
fe0216	Farmers_Walk/0.jpg
fe0217	Fast_Skipping/0.jpg
fe0218	Flat_Bench_Cable_Flyes/0.jpg
fe0219	Flat_Bench_Leg_Pull-In/0.jpg
fe0220	Flat_Bench_Lying_Leg_Raise/0.jpg
fe0221	Flexor_Incline_Dumbbell_Curls/0.jpg
fe0222	Floor_Glute-Ham_Raise/0.jpg
fe0223	Floor_Press/0.jpg
fe0224	Floor_Press_with_Chains/0.jpg
fe0225	Foot-SMR/0.jpg
fe0226	Forward_Drag_with_Press/0.jpg
fe0227	Freehand_Jump_Squat/0.jpg
fe0228	Frog_Hops/0.jpg
fe0229	Frog_Sit-Ups/0.jpg
fe0230	Front_Barbell_Squat/0.jpg
fe0231	Front_Barbell_Squat_To_A_Bench/0.jpg
fe0232	Front_Box_Jump/0.jpg
fe0233	Front_Cable_Raise/0.jpg
fe0234	Front_Cone_Hops_or_hurdle_hops/0.jpg
fe0235	Front_Dumbbell_Raise/0.jpg
fe0236	Front_Incline_Dumbbell_Raise/0.jpg
fe0237	Front_Leg_Raises/0.jpg
fe0238	Front_Plate_Raise/0.jpg
fe0239	Front_Raise_And_Pullover/0.jpg
fe0240	Front_Squat_Clean_Grip/0.jpg
fe0241	Front_Squats_With_Two_Kettlebells/0.jpg
fe0242	Front_Two-Dumbbell_Raise/0.jpg
fe0243	Full_Range-Of-Motion_Lat_Pulldown/0.jpg
fe0244	Gironda_Sternum_Chins/0.jpg
fe0245	Glute_Ham_Raise/0.jpg
fe0246	Glute_Kickback/0.jpg
fe0247	Goblet_Squat/0.jpg
fe0248	Good_Morning/0.jpg
fe0249	Good_Morning_off_Pins/0.jpg
fe0250	Gorilla_Chin_Crunch/0.jpg
fe0251	Groin_and_Back_Stretch/0.jpg
fe0252	Groiners/0.jpg
fe0253	Hack_Squat/0.jpg
fe0254	Hammer_Curls/0.jpg
fe0255	Hammer_Grip_Incline_DB_Bench_Press/0.jpg
fe0256	Hamstring-SMR/0.jpg
fe0257	Handstand_Push-Ups/0.jpg
fe0258	Hang_Clean/0.jpg
fe0259	Hang_Clean_-_Below_the_Knees/0.jpg
fe0260	Hang_Snatch/0.jpg
fe0261	Hang_Snatch_-_Below_Knees/0.jpg
fe0262	Hanging_Bar_Good_Morning/0.jpg
fe0263	Heaving_Snatch_Balance/0.jpg
fe0264	Heavy_Bag_Thrust/0.jpg
fe0265	High_Cable_Curls/0.jpg
fe0266	Hip_Circles_prone/0.jpg
fe0267	Hip_Extension_with_Bands/0.jpg
fe0268	Hip_Flexion_with_Band/0.jpg
fe0269	Hip_Lift_with_Band/0.jpg
fe0270	Hug_A_Ball/0.jpg
fe0271	Hug_Knees_To_Chest/0.jpg
fe0272	Hurdle_Hops/0.jpg
fe0273	Hyperextensions_Back_Extensions/0.jpg
fe0274	Hyperextensions_With_No_Hyperextension_Bench/0.jpg
fe0275	IT_Band_and_Glute_Stretch/0.jpg
fe0276	Iliotibial_Tract-SMR/0.jpg
fe0277	Incline_Barbell_Triceps_Extension/0.jpg
fe0278	Incline_Bench_Pull/0.jpg
fe0279	Incline_Cable_Chest_Press/0.jpg
fe0280	Incline_Cable_Flye/0.jpg
fe0281	Incline_Dumbbell_Bench_With_Palms_Facing_In/0.jpg
fe0282	Incline_Dumbbell_Curl/0.jpg
fe0283	Incline_Dumbbell_Flyes/0.jpg
fe0284	Incline_Dumbbell_Flyes_-_With_A_Twist/0.jpg
fe0285	Incline_Dumbbell_Press/0.jpg
fe0286	Incline_Hammer_Curls/0.jpg
fe0287	Incline_Inner_Biceps_Curl/0.jpg
fe0288	Incline_Push-Up_Close-Grip/0.jpg
fe0289	Incline_Push-Up_Depth_Jump/0.jpg
fe0290	Incline_Push-Up_Medium/0.jpg
fe0291	Incline_Push-Up_Reverse_Grip/0.jpg
fe0292	Incline_Push-Up_Wide/0.jpg
fe0293	Intermediate_Groin_Stretch/0.jpg
fe0294	Internal_Rotation_with_Band/0.jpg
fe0295	Iron_Crosses_stretch/0.jpg
fe0296	Isometric_Chest_Squeezes/0.jpg
fe0297	Isometric_Neck_Exercise_-_Front_And_Back/0.jpg
fe0298	Isometric_Neck_Exercise_-_Sides/0.jpg
fe0299	JM_Press/0.jpg
fe0300	Jefferson_Squats/0.jpg
fe0301	Jerk_Balance/0.jpg
fe0302	Jerk_Dip_Squat/0.jpg
fe0303	Jogging_Treadmill/0.jpg
fe0304	Keg_Load/0.jpg
fe0305	Kettlebell_Dead_Clean/0.jpg
fe0306	Kettlebell_One-Legged_Deadlift/0.jpg
fe0307	Kettlebell_Pass_Between_The_Legs/0.jpg
fe0308	Kettlebell_Pirate_Ships/0.jpg
fe0309	Kettlebell_Turkish_Get-Up_Lunge_style/0.jpg
fe0310	Kettlebell_Turkish_Get-Up_Squat_style/0.jpg
fe0311	Knee_Across_The_Body/0.jpg
fe0312	Knee_Circles/0.jpg
fe0313	Knee_Hip_Raise_On_Parallel_Bars/0.jpg
fe0314	Knee_Tuck_Jump/0.jpg
fe0315	Kneeling_Arm_Drill/0.jpg
fe0316	Kneeling_Cable_Crunch_With_Alternating_Oblique_Twists/0.jpg
fe0317	Kneeling_Cable_Triceps_Extension/0.jpg
fe0318	Kneeling_Forearm_Stretch/0.jpg
fe0319	Kneeling_High_Pulley_Row/0.jpg
fe0320	Kneeling_Hip_Flexor/0.jpg
fe0321	Kneeling_Single-Arm_High_Pulley_Row/0.jpg
fe0322	Kneeling_Squat/0.jpg
fe0323	Landmine_180s/0.jpg
fe0324	Landmine_Linear_Jammer/0.jpg
fe0325	Lateral_Bound/0.jpg
fe0326	Lateral_Box_Jump/0.jpg
fe0327	Lateral_Cone_Hops/0.jpg
fe0328	Lateral_Raise_-_With_Bands/0.jpg
fe0329	Latissimus_Dorsi-SMR/0.jpg
fe0330	Leg-Over_Floor_Press/0.jpg
fe0331	Leg-Up_Hamstring_Stretch/0.jpg
fe0332	Leg_Extensions/0.jpg
fe0333	Leg_Lift/0.jpg
fe0334	Leg_Press/0.jpg
fe0335	Leg_Pull-In/0.jpg
fe0336	Leverage_Chest_Press/0.jpg
fe0337	Leverage_Deadlift/0.jpg
fe0338	Leverage_Decline_Chest_Press/0.jpg
fe0339	Leverage_High_Row/0.jpg
fe0340	Leverage_Incline_Chest_Press/0.jpg
fe0341	Leverage_Iso_Row/0.jpg
fe0342	Leverage_Shoulder_Press/0.jpg
fe0343	Leverage_Shrug/0.jpg
fe0344	Linear_3-Part_Start_Technique/0.jpg
fe0345	Linear_Acceleration_Wall_Drill/0.jpg
fe0346	Linear_Depth_Jump/0.jpg
fe0347	Log_Lift/0.jpg
fe0348	London_Bridges/0.jpg
fe0349	Looking_At_Ceiling/0.jpg
fe0350	Low_Cable_Crossover/0.jpg
fe0351	Low_Cable_Triceps_Extension/0.jpg
fe0352	Low_Pulley_Row_To_Neck/0.jpg
fe0353	Lower_Back-SMR/0.jpg
fe0354	Lunge_Pass_Through/0.jpg
fe0355	Lunge_Sprint/0.jpg
fe0356	Lying_Bent_Leg_Groin/0.jpg
fe0357	Lying_Cable_Curl/0.jpg
fe0358	Lying_Cambered_Barbell_Row/0.jpg
fe0359	Lying_Close-Grip_Bar_Curl_On_High_Pulley/0.jpg
fe0360	Lying_Close-Grip_Barbell_Triceps_Extension_Behind_The_Head/0.jpg
fe0361	Lying_Close-Grip_Barbell_Triceps_Press_To_Chin/0.jpg
fe0362	Lying_Crossover/0.jpg
fe0363	Lying_Dumbbell_Tricep_Extension/0.jpg
fe0364	Lying_Face_Down_Plate_Neck_Resistance/0.jpg
fe0365	Lying_Face_Up_Plate_Neck_Resistance/0.jpg
fe0366	Lying_Glute/0.jpg
fe0367	Lying_Hamstring/0.jpg
fe0368	Lying_High_Bench_Barbell_Curl/0.jpg
fe0369	Lying_Leg_Curls/0.jpg
fe0370	Lying_Machine_Squat/0.jpg
fe0371	Lying_One-Arm_Lateral_Raise/0.jpg
fe0372	Lying_Prone_Quadriceps/0.jpg
fe0373	Lying_Rear_Delt_Raise/0.jpg
fe0374	Lying_Supine_Dumbbell_Curl/0.jpg
fe0375	Lying_T-Bar_Row/0.jpg
fe0376	Lying_Triceps_Press/0.jpg
fe0377	Machine_Bench_Press/0.jpg
fe0378	Machine_Bicep_Curl/0.jpg
fe0379	Machine_Preacher_Curls/0.jpg
fe0380	Machine_Shoulder_Military_Press/0.jpg
fe0381	Machine_Triceps_Extension/0.jpg
fe0382	Medicine_Ball_Full_Twist/0.jpg
fe0383	Medicine_Ball_Scoop_Throw/0.jpg
fe0384	Middle_Back_Shrug/0.jpg
fe0385	Middle_Back_Stretch/0.jpg
fe0386	Mixed_Grip_Chin/0.jpg
fe0387	Mountain_Climbers/0.jpg
fe0388	Moving_Claw_Series/0.jpg
fe0389	Muscle_Snatch/0.jpg
fe0390	Narrow_Stance_Hack_Squats/0.jpg
fe0391	Narrow_Stance_Leg_Press/0.jpg
fe0392	Narrow_Stance_Squats/0.jpg
fe0393	Natural_Glute_Ham_Raise/0.jpg
fe0394	Neck-SMR/0.jpg
fe0395	Neck_Press/0.jpg
fe0396	Oblique_Crunches/0.jpg
fe0397	Oblique_Crunches_-_On_The_Floor/0.jpg
fe0398	Olympic_Squat/0.jpg
fe0399	On-Your-Back_Quad_Stretch/0.jpg
fe0400	On_Your_Side_Quad_Stretch/0.jpg
fe0401	One-Arm_Dumbbell_Row/0.jpg
fe0402	One-Arm_Flat_Bench_Dumbbell_Flye/0.jpg
fe0403	One-Arm_High-Pulley_Cable_Side_Bends/0.jpg
fe0404	One-Arm_Incline_Lateral_Raise/0.jpg
fe0405	One-Arm_Kettlebell_Clean/0.jpg
fe0406	One-Arm_Kettlebell_Clean_and_Jerk/0.jpg
fe0407	One-Arm_Kettlebell_Floor_Press/0.jpg
fe0408	One-Arm_Kettlebell_Jerk/0.jpg
fe0409	One-Arm_Kettlebell_Military_Press_To_The_Side/0.jpg
fe0410	One-Arm_Kettlebell_Para_Press/0.jpg
fe0411	One-Arm_Kettlebell_Push_Press/0.jpg
fe0412	One-Arm_Kettlebell_Row/0.jpg
fe0413	One-Arm_Kettlebell_Snatch/0.jpg
fe0414	One-Arm_Kettlebell_Split_Jerk/0.jpg
fe0415	One-Arm_Kettlebell_Split_Snatch/0.jpg
fe0416	One-Arm_Long_Bar_Row/0.jpg
fe0417	One-Arm_Medicine_Ball_Slam/0.jpg
fe0418	One-Arm_Open_Palm_Kettlebell_Clean/0.jpg
fe0419	One-Arm_Overhead_Kettlebell_Squats/0.jpg
fe0420	One-Arm_Side_Deadlift/0.jpg
fe0421	One-Arm_Side_Laterals/0.jpg
fe0422	One-Legged_Cable_Kickback/0.jpg
fe0423	One_Arm_Dumbbell_Bench_Press/0.jpg
fe0424	One_Arm_Dumbbell_Preacher_Curl/0.jpg
fe0425	One_Arm_Floor_Press/0.jpg
fe0426	One_Arm_Lat_Pulldown/0.jpg
fe0427	One_Arm_Pronated_Dumbbell_Triceps_Extension/0.jpg
fe0428	One_Arm_Supinated_Dumbbell_Triceps_Extension/0.jpg
fe0429	One_Half_Locust/0.jpg
fe0430	One_Handed_Hang/0.jpg
fe0431	One_Knee_To_Chest/0.jpg
fe0432	One_Leg_Barbell_Squat/0.jpg
fe0433	Open_Palm_Kettlebell_Clean/0.jpg
fe0434	Otis-Up/0.jpg
fe0435	Overhead_Cable_Curl/0.jpg
fe0436	Overhead_Lat/0.jpg
fe0437	Overhead_Slam/0.jpg
fe0438	Overhead_Squat/0.jpg
fe0439	Overhead_Stretch/0.jpg
fe0440	Overhead_Triceps/0.jpg
fe0441	Pallof_Press/0.jpg
fe0442	Pallof_Press_With_Rotation/0.jpg
fe0443	Palms-Down_Dumbbell_Wrist_Curl_Over_A_Bench/0.jpg
fe0444	Palms-Down_Wrist_Curl_Over_A_Bench/0.jpg
fe0445	Palms-Up_Barbell_Wrist_Curl_Over_A_Bench/0.jpg
fe0446	Palms-Up_Dumbbell_Wrist_Curl_Over_A_Bench/0.jpg
fe0447	Parallel_Bar_Dip/0.jpg
fe0448	Peroneals-SMR/0.jpg
fe0449	Physioball_Hip_Bridge/0.jpg
fe0450	Pin_Presses/0.jpg
fe0451	Piriformis-SMR/0.jpg
fe0452	Plank/0.jpg
fe0453	Plate_Pinch/0.jpg
fe0454	Plate_Twist/0.jpg
fe0455	Platform_Hamstring_Slides/0.jpg
fe0456	Plie_Dumbbell_Squat/0.jpg
fe0457	Plyo_Kettlebell_Pushups/0.jpg
fe0458	Plyo_Push-up/0.jpg
fe0459	Power_Clean_from_Blocks/0.jpg
fe0460	Power_Jerk/0.jpg
fe0461	Power_Partials/0.jpg
fe0462	Power_Snatch/0.jpg
fe0463	Power_Snatch_from_Blocks/0.jpg
fe0464	Power_Stairs/0.jpg
fe0465	Preacher_Curl/0.jpg
fe0466	Preacher_Hammer_Dumbbell_Curl/0.jpg
fe0467	Press_Sit-Up/0.jpg
fe0468	Prone_Manual_Hamstring/0.jpg
fe0469	Prowler_Sprint/0.jpg
fe0470	Pull_Through/0.jpg
fe0471	Pullups/0.jpg
fe0472	Push-Up_Wide/0.jpg
fe0473	Push-Ups_-_Close_Triceps_Position/0.jpg
fe0474	Push-Ups_With_Feet_Elevated/0.jpg
fe0475	Push-Ups_With_Feet_On_An_Exercise_Ball/0.jpg
fe0476	Push_Press_-_Behind_the_Neck/0.jpg
fe0477	Push_Up_to_Side_Plank/0.jpg
fe0478	Pushups/0.jpg
fe0479	Pushups_Close_and_Wide_Hand_Positions/0.jpg
fe0480	Pyramid/0.jpg
fe0481	Quad_Stretch/0.jpg
fe0482	Quadriceps-SMR/0.jpg
fe0483	Quick_Leap/0.jpg
fe0484	Rack_Delivery/0.jpg
fe0485	Rack_Pull_with_Bands/0.jpg
fe0486	Rack_Pulls/0.jpg
fe0487	Rear_Leg_Raises/0.jpg
fe0488	Recumbent_Bike/0.jpg
fe0489	Return_Push_from_Stance/0.jpg
fe0490	Reverse_Band_Bench_Press/0.jpg
fe0491	Reverse_Band_Box_Squat/0.jpg
fe0492	Reverse_Band_Deadlift/0.jpg
fe0493	Reverse_Band_Power_Squat/0.jpg
fe0494	Reverse_Band_Sumo_Deadlift/0.jpg
fe0495	Reverse_Barbell_Curl/0.jpg
fe0496	Reverse_Barbell_Preacher_Curls/0.jpg
fe0497	Reverse_Cable_Curl/0.jpg
fe0498	Reverse_Flyes/0.jpg
fe0499	Reverse_Flyes_With_External_Rotation/0.jpg
fe0500	Reverse_Grip_Bent-Over_Rows/0.jpg
fe0501	Reverse_Grip_Triceps_Pushdown/0.jpg
fe0502	Reverse_Hyperextension/0.jpg
fe0503	Reverse_Machine_Flyes/0.jpg
fe0504	Reverse_Plate_Curls/0.jpg
fe0505	Reverse_Triceps_Bench_Press/0.jpg
fe0506	Rhomboids-SMR/0.jpg
fe0507	Rickshaw_Carry/0.jpg
fe0508	Rickshaw_Deadlift/0.jpg
fe0509	Rocket_Jump/0.jpg
fe0510	Rocking_Standing_Calf_Raise/0.jpg
fe0511	Rocky_Pull-Ups_Pulldowns/0.jpg
fe0512	Romanian_Deadlift/0.jpg
fe0513	Romanian_Deadlift_from_Deficit/0.jpg
fe0514	Rope_Crunch/0.jpg
fe0515	Rope_Jumping/0.jpg
fe0516	Rope_Straight-Arm_Pulldown/0.jpg
fe0517	Round_The_World_Shoulder_Stretch/0.jpg
fe0518	Rowing_Stationary/0.jpg
fe0519	Runners_Stretch/0.jpg
fe0520	Running_Treadmill/0.jpg
fe0521	Sandbag_Load/0.jpg
fe0522	Scissor_Kick/0.jpg
fe0523	Scissors_Jump/0.jpg
fe0524	Seated_Band_Hamstring_Curl/0.jpg
fe0525	Seated_Barbell_Military_Press/0.jpg
fe0526	Seated_Barbell_Twist/0.jpg
fe0527	Seated_Bent-Over_One-Arm_Dumbbell_Triceps_Extension/0.jpg
fe0528	Seated_Bent-Over_Rear_Delt_Raise/0.jpg
fe0529	Seated_Bent-Over_Two-Arm_Dumbbell_Triceps_Extension/0.jpg
fe0530	Seated_Biceps/0.jpg
fe0531	Seated_Cable_Rows/0.jpg
fe0532	Seated_Cable_Shoulder_Press/0.jpg
fe0533	Seated_Calf_Raise/0.jpg
fe0534	Seated_Calf_Stretch/0.jpg
fe0535	Seated_Close-Grip_Concentration_Barbell_Curl/0.jpg
fe0536	Seated_Dumbbell_Curl/0.jpg
fe0537	Seated_Dumbbell_Inner_Biceps_Curl/0.jpg
fe0538	Seated_Dumbbell_Palms-Down_Wrist_Curl/0.jpg
fe0539	Seated_Dumbbell_Palms-Up_Wrist_Curl/0.jpg
fe0540	Seated_Dumbbell_Press/0.jpg
fe0541	Seated_Flat_Bench_Leg_Pull-In/0.jpg
fe0542	Seated_Floor_Hamstring_Stretch/0.jpg
fe0543	Seated_Front_Deltoid/0.jpg
fe0544	Seated_Glute/0.jpg
fe0545	Seated_Good_Mornings/0.jpg
fe0546	Seated_Hamstring/0.jpg
fe0547	Seated_Hamstring_and_Calf_Stretch/0.jpg
fe0548	Seated_Head_Harness_Neck_Resistance/0.jpg
fe0549	Seated_Leg_Curl/0.jpg
fe0550	Seated_Leg_Tucks/0.jpg
fe0551	Seated_One-Arm_Dumbbell_Palms-Down_Wrist_Curl/0.jpg
fe0552	Seated_One-Arm_Dumbbell_Palms-Up_Wrist_Curl/0.jpg
fe0553	Seated_One-arm_Cable_Pulley_Rows/0.jpg
fe0554	Seated_Overhead_Stretch/0.jpg
fe0555	Seated_Palm-Up_Barbell_Wrist_Curl/0.jpg
fe0556	Seated_Palms-Down_Barbell_Wrist_Curl/0.jpg
fe0557	Seated_Side_Lateral_Raise/0.jpg
fe0558	Seated_Triceps_Press/0.jpg
fe0559	Seated_Two-Arm_Palms-Up_Low-Pulley_Wrist_Curl/0.jpg
fe0560	See-Saw_Press_Alternating_Side_Press/0.jpg
fe0561	Shotgun_Row/0.jpg
fe0562	Shoulder_Circles/0.jpg
fe0563	Shoulder_Press_-_With_Bands/0.jpg
fe0564	Shoulder_Raise/0.jpg
fe0565	Shoulder_Stretch/0.jpg
fe0566	Side-Lying_Floor_Stretch/0.jpg
fe0567	Side_Hop-Sprint/0.jpg
fe0568	Side_Lateral_Raise/0.jpg
fe0569	Side_Laterals_to_Front_Raise/0.jpg
fe0570	Side_Leg_Raises/0.jpg
fe0571	Side_Lying_Groin_Stretch/0.jpg
fe0572	Side_Neck_Stretch/0.jpg
fe0573	Side_Standing_Long_Jump/0.jpg
fe0574	Side_To_Side_Chins/0.jpg
fe0575	Side_Wrist_Pull/0.jpg
fe0576	Side_to_Side_Box_Shuffle/0.jpg
fe0577	Single-Arm_Cable_Crossover/0.jpg
fe0578	Single-Arm_Linear_Jammer/0.jpg
fe0579	Single-Arm_Push-Up/0.jpg
fe0580	Single-Cone_Sprint_Drill/0.jpg
fe0581	Single-Leg_High_Box_Squat/0.jpg
fe0582	Single-Leg_Hop_Progression/0.jpg
fe0583	Single-Leg_Lateral_Hop/0.jpg
fe0584	Single-Leg_Leg_Extension/0.jpg
fe0585	Single-Leg_Stride_Jump/0.jpg
fe0586	Single_Dumbbell_Raise/0.jpg
fe0587	Single_Leg_Butt_Kick/0.jpg
fe0588	Single_Leg_Glute_Bridge/0.jpg
fe0589	Single_Leg_Push-off/0.jpg
fe0590	Sit-Up/0.jpg
fe0591	Sit_Squats/0.jpg
fe0592	Skating/0.jpg
fe0593	Sled_Drag_-_Harness/0.jpg
fe0594	Sled_Overhead_Backward_Walk/0.jpg
fe0595	Sled_Overhead_Triceps_Extension/0.jpg
fe0596	Sled_Push/0.jpg
fe0597	Sled_Reverse_Flye/0.jpg
fe0598	Sled_Row/0.jpg
fe0599	Sledgehammer_Swings/0.jpg
fe0600	Smith_Incline_Shoulder_Raise/0.jpg
fe0601	Smith_Machine_Behind_the_Back_Shrug/0.jpg
fe0602	Smith_Machine_Bench_Press/0.jpg
fe0603	Smith_Machine_Bent_Over_Row/0.jpg
fe0604	Smith_Machine_Calf_Raise/0.jpg
fe0605	Smith_Machine_Close-Grip_Bench_Press/0.jpg
fe0606	Smith_Machine_Decline_Press/0.jpg
fe0607	Smith_Machine_Hang_Power_Clean/0.jpg
fe0608	Smith_Machine_Hip_Raise/0.jpg
fe0609	Smith_Machine_Incline_Bench_Press/0.jpg
fe0610	Smith_Machine_Leg_Press/0.jpg
fe0611	Smith_Machine_One-Arm_Upright_Row/0.jpg
fe0612	Smith_Machine_Overhead_Shoulder_Press/0.jpg
fe0613	Smith_Machine_Pistol_Squat/0.jpg
fe0614	Smith_Machine_Reverse_Calf_Raises/0.jpg
fe0615	Smith_Machine_Squat/0.jpg
fe0616	Smith_Machine_Stiff-Legged_Deadlift/0.jpg
fe0617	Smith_Machine_Upright_Row/0.jpg
fe0618	Smith_Single-Leg_Split_Squat/0.jpg
fe0619	Snatch/0.jpg
fe0620	Snatch_Balance/0.jpg
fe0621	Snatch_Deadlift/0.jpg
fe0622	Snatch_Shrug/0.jpg
fe0623	Snatch_from_Blocks/0.jpg
fe0624	Speed_Band_Overhead_Triceps/0.jpg
fe0625	Speed_Box_Squat/0.jpg
fe0626	Speed_Squats/0.jpg
fe0627	Spider_Crawl/0.jpg
fe0628	Spider_Curl/0.jpg
fe0629	Spinal_Stretch/0.jpg
fe0630	Split_Clean/0.jpg
fe0631	Split_Jerk/0.jpg
fe0632	Split_Jump/0.jpg
fe0633	Split_Snatch/0.jpg
fe0634	Split_Squat_with_Dumbbells/0.jpg
fe0635	Squat_with_Bands/0.jpg
fe0636	Squat_with_Chains/0.jpg
fe0637	Squat_with_Plate_Movers/0.jpg
fe0638	Squats_-_With_Bands/0.jpg
fe0639	Stairmaster/0.jpg
fe0640	Standing_Alternating_Dumbbell_Press/0.jpg
fe0641	Standing_Barbell_Calf_Raise/0.jpg
fe0642	Standing_Barbell_Press_Behind_Neck/0.jpg
fe0643	Standing_Bent-Over_One-Arm_Dumbbell_Triceps_Extension/0.jpg
fe0644	Standing_Bent-Over_Two-Arm_Dumbbell_Triceps_Extension/0.jpg
fe0645	Standing_Biceps_Cable_Curl/0.jpg
fe0646	Standing_Biceps_Stretch/0.jpg
fe0647	Standing_Bradford_Press/0.jpg
fe0648	Standing_Cable_Chest_Press/0.jpg
fe0649	Standing_Cable_Lift/0.jpg
fe0650	Standing_Cable_Wood_Chop/0.jpg
fe0651	Standing_Calf_Raises/0.jpg
fe0652	Standing_Concentration_Curl/0.jpg
fe0653	Standing_Dumbbell_Calf_Raise/0.jpg
fe0654	Standing_Dumbbell_Press/0.jpg
fe0655	Standing_Dumbbell_Reverse_Curl/0.jpg
fe0656	Standing_Dumbbell_Straight-Arm_Front_Delt_Raise_Above_Head/0.jpg
fe0657	Standing_Dumbbell_Triceps_Extension/0.jpg
fe0658	Standing_Dumbbell_Upright_Row/0.jpg
fe0659	Standing_Elevated_Quad_Stretch/0.jpg
fe0660	Standing_Front_Barbell_Raise_Over_Head/0.jpg
fe0661	Standing_Gastrocnemius_Calf_Stretch/0.jpg
fe0662	Standing_Hamstring_and_Calf_Stretch/0.jpg
fe0663	Standing_Hip_Circles/0.jpg
fe0664	Standing_Hip_Flexors/0.jpg
fe0665	Standing_Inner-Biceps_Curl/0.jpg
fe0666	Standing_Leg_Curl/0.jpg
fe0667	Standing_Long_Jump/0.jpg
fe0668	Standing_Low-Pulley_Deltoid_Raise/0.jpg
fe0669	Standing_Low-Pulley_One-Arm_Triceps_Extension/0.jpg
fe0670	Standing_Military_Press/0.jpg
fe0671	Standing_Olympic_Plate_Hand_Squeeze/0.jpg
fe0672	Standing_One-Arm_Cable_Curl/0.jpg
fe0673	Standing_One-Arm_Dumbbell_Curl_Over_Incline_Bench/0.jpg
fe0674	Standing_One-Arm_Dumbbell_Triceps_Extension/0.jpg
fe0675	Standing_Overhead_Barbell_Triceps_Extension/0.jpg
fe0676	Standing_Palm-In_One-Arm_Dumbbell_Press/0.jpg
fe0677	Standing_Palms-In_Dumbbell_Press/0.jpg
fe0678	Standing_Palms-Up_Barbell_Behind_The_Back_Wrist_Curl/0.jpg
fe0679	Standing_Rope_Crunch/0.jpg
fe0680	Standing_Soleus_And_Achilles_Stretch/0.jpg
fe0681	Standing_Toe_Touches/0.jpg
fe0682	Standing_Towel_Triceps_Extension/0.jpg
fe0683	Standing_Two-Arm_Overhead_Throw/0.jpg
fe0684	Star_Jump/0.jpg
fe0685	Step-up_with_Knee_Raise/0.jpg
fe0686	Step_Mill/0.jpg
fe0687	Stiff-Legged_Barbell_Deadlift/0.jpg
fe0688	Stiff-Legged_Dumbbell_Deadlift/0.jpg
fe0689	Stiff_Leg_Barbell_Good_Morning/0.jpg
fe0690	Stomach_Vacuum/0.jpg
fe0691	Straight-Arm_Dumbbell_Pullover/0.jpg
fe0692	Straight-Arm_Pulldown/0.jpg
fe0693	Straight_Bar_Bench_Mid_Rows/0.jpg
fe0694	Straight_Raises_on_Incline_Bench/0.jpg
fe0695	Stride_Jump_Crossover/0.jpg
fe0696	Sumo_Deadlift/0.jpg
fe0697	Sumo_Deadlift_with_Bands/0.jpg
fe0698	Sumo_Deadlift_with_Chains/0.jpg
fe0699	Superman/0.jpg
fe0700	Supine_Chest_Throw/0.jpg
fe0701	Supine_One-Arm_Overhead_Throw/0.jpg
fe0702	Supine_Two-Arm_Overhead_Throw/0.jpg
fe0703	Suspended_Fallout/0.jpg
fe0704	Svend_Press/0.jpg
fe0705	T-Bar_Row_with_Handle/0.jpg
fe0706	Tate_Press/0.jpg
fe0707	The_Straddle/0.jpg
fe0708	Thigh_Abductor/0.jpg
fe0709	Thigh_Adductor/0.jpg
fe0710	Toe_Touchers/0.jpg
fe0711	Torso_Rotation/0.jpg
fe0712	Trail_Running_Walking/0.jpg
fe0713	Tricep_Dumbbell_Kickback/0.jpg
fe0714	Tricep_Side_Stretch/0.jpg
fe0715	Triceps_Overhead_Extension_with_Rope/0.jpg
fe0716	Triceps_Pushdown/0.jpg
fe0717	Triceps_Pushdown_-_Rope_Attachment/0.jpg
fe0718	Triceps_Pushdown_-_V-Bar_Attachment/0.jpg
fe0719	Two-Arm_Dumbbell_Preacher_Curl/0.jpg
fe0720	Two-Arm_Kettlebell_Clean/0.jpg
fe0721	Two-Arm_Kettlebell_Jerk/0.jpg
fe0722	Two-Arm_Kettlebell_Military_Press/0.jpg
fe0723	Two-Arm_Kettlebell_Row/0.jpg
fe0724	Underhand_Cable_Pulldowns/0.jpg
fe0725	Upper_Back-Leg_Grab/0.jpg
fe0726	Upright_Barbell_Row/0.jpg
fe0727	Upright_Cable_Row/0.jpg
fe0728	Upright_Row_-_With_Bands/0.jpg
fe0729	Upward_Stretch/0.jpg
fe0730	V-Bar_Pulldown/0.jpg
fe0731	V-Bar_Pullup/0.jpg
fe0732	Vertical_Swing/0.jpg
fe0733	Walking_Treadmill/0.jpg
fe0734	Weighted_Ball_Hyperextension/0.jpg
fe0735	Weighted_Ball_Side_Bend/0.jpg
fe0736	Weighted_Crunches/0.jpg
fe0737	Weighted_Jump_Squat/0.jpg
fe0738	Weighted_Pull_Ups/0.jpg
fe0739	Weighted_Sit-Ups_-_With_Bands/0.jpg
fe0740	Wide-Grip_Barbell_Bench_Press/0.jpg
fe0741	Wide-Grip_Decline_Barbell_Bench_Press/0.jpg
fe0742	Wide-Grip_Decline_Barbell_Pullover/0.jpg
fe0743	Wide-Grip_Lat_Pulldown/0.jpg
fe0744	Wide-Grip_Pulldown_Behind_The_Neck/0.jpg
fe0745	Wide-Grip_Rear_Pull-Up/0.jpg
fe0746	Wide-Grip_Standing_Barbell_Curl/0.jpg
fe0747	Wide_Stance_Barbell_Squat/0.jpg
fe0748	Wide_Stance_Stiff_Legs/0.jpg
fe0749	Windmills/0.jpg
fe0750	Worlds_Greatest_Stretch/0.jpg
fe0751	Wrist_Roller/0.jpg
fe0752	Wrist_Rotations_with_Straight_Bar/0.jpg
fe0753	Yoke_Walk/0.jpg
fe0754	Zercher_Squats/0.jpg
fe0755	Zottman_Curl/0.jpg
fe0756	Zottman_Preacher_Curl/0.jpg
